Deutsch,Französisch,points
auswendig lernen,apprendre par cœur,0
Da bin ich mir nicht ganz sicher,Je n'en suis pas tout à fait sûr,0
Da hab'ich meine Zweifel,J'ai mes doutes,0
das ist nicht schlimm,ce n'est pas grave,0
das ist quatsch,c'est des conneries,0
das ist schlimm,c'est grave,0
Das juckt mich nicht,Je m'en fiche,0
das Leben ist kurz,la vie est courte,0
das stimmt nicht,ce n'est pas vrai,0
das Stinkt !,ça pue !,0
das Stinkt nach...,ça pue le...,0
Dazu möchte ich... zitieren,je souhaite citer...,0
dem Anschein nach,en apparence,0
deprimiert sein,être déprimé,0
der Teufel steckt im Detail,Le diable se cache dans les détails,0
der Weg nach Hause,le chemin de la maison,0
die Ampfel ist grün,le feu est vert,0
die Gunst der Stunde nutzen,profiter de l'occasion,0
die See ist stürmisch,la mer est agitée,0
Die Stellung halten,tenir la position,0
die Zeit vergeht schnell,le temps passe vite,0
Du bist der Fliege ausgewichen,Tu as esquivé la mouche,0
du hast Recht,tu as raison,0
eine Manschaft biden,former une équipe,0
eine Überschrift finden,trouver un titre,0
eine Zufallszahl des Würfels,un nombre aléatoire du dé,0
einen Konflikt anfachen,attiser un conflit,0
er wohnt in meiner Straße,il habite dans ma rue,0
es handelt sich um...,il s'agit de...,0
Es ist arschkalt draußen,Il fait très froid,0
es ist halb vier,il est 4h30,0
es ist kalt,il fait froid,0
es ist kühl,il fait frais,0
es ist zehn nach drei,il est 3h10,0
es ist zehn vor drei,il est 3h-10,0
Es passt,Ça passe,0
es regnet,il pleut,0
etwas loswerden,se débarrasser de quelque chose,0
Geht so,C'est bon,0
Genau,Exactement,0
geteilt durch,divisé par,0
Guck mal,Regarde ça,0
Hände hoch !,haut les mains !,0
herein !,entrez !,0
Ich bekomme Kopfschmerzen,j'ai mal à la tête,0
ich bin dafür,je suis pour,0
ich bin dagegen,je suis contre,0
"Ich bin der Meinung, dass",je suis d'avis que,0
Ich bin nicht einverstanden,Je ne suis pas compris,0
Ich bin Schuld daran,c'est de ma faute,0
Ich bin verloren,je suis perdu,0
Ich check's net,je ne comprends pas,0
Ich check's nicht,je ne comprends pas,0
"Ich denke, dass",je pense que,0
Ich empfehle dieses Auto,Je recommande cette voiture,0
Ich frühstücke,je prends le petit déjeuner,0
Ich gebe mir Mühe,Je fais des efforts,0
"Ich glaube, dass",je crois que,0
Ich habe das noch nie gesehen,Je n'ai jamais vu ça,0
Ich habe durst,j'ai soif,0
Ich habe es satt !,J'en ai marre !,0
Ich habe hunger,j'ai faim,0
Ich habe mich verlaufen,Je me suis perdu,0
Ich habe verloren,j'ai perdu,0
Ich hole dich ab,Je vais te chercher,0
Ich mag...,j'aime bien...,0
Ich stehe auf,je me lève,0
Ich stimme dir zu,Je suis d'accord avec toi,0
Ich wünsche dir...,je te souhaites...,0
Ich wünsche Sie...,je vous souhaites...,0
im Falle... von,dans le cas où...,0
In Gang halten,Maintenir en marche,0
jemandem nahe sein,être proche de quelqu'un,0
Keine Lust haben,Ne pas avoir envie,0
Keinen Bock haben,Avoir la flemme,0
Krass,Mince,0
mit etwas im Einklang sein,être en accord avec quelque chose,0
mitten im Nirgendwo,au millieu de nulle part,0
nach Deutschland ziehen,s'installer en Allemagne,0
nach horen scrollen,remonter vers le haut,0
Null Bock haben,Ne pas avoir d'envie,0
Partei ergreifen,Prendre parti,0
Passt schon,Ça passe,0
sein Leben aufs Spiel setzen,mettre sa vie en jeu,0
Selbstverständlich !,Bien sûr !,0
sich etwas widmen,se consacrer à quelque chose,0
sich für etwas einsetzen,s'engager pour quelquechose,0
Stelllung beziehen,prendre position,0
Stimmt,C'est vrai,0
Stimmt so,C'est bon,0
tut mir leid,je suis désolé,0
Überhaupt nicht !,Pas du tout !,0
Unsinn !,N'importe quoi !,0
völlig einverstanden !,totalement d'accord !,0
welches Team attackieren wir ?,Quelle équipe attaquons-nous ?,0
welches Team greifen wir an ?,Quelle équipe attaquons-nous ?,0
Wie bescheuert,C'est trop bête,0
Wie geil ist das denn,C'est génial,0
Wir sammeln den Müll ein,Nous ramassons les déchets,0
zu etwas beitragen,contribuer à quelque chose,0
zugang zu etwas haben,avoir accès à quelque-chose,0