Englisch,French,points
a coffin,un cercueil,0
a craft,un métier,0
a deal,une affaire,0
a decade,une décennie,0
a flea,une puce,0
a foreigner,un étranger,0
a gathering,un rassemblement,0
a hobby,un loisir,0
a homeland,une terre natale,0
a leisure,un loisir,0
a loan,un crédit,0
a neighbourhood,un voisinage,0
a nightmare,un cauchemar,0
a novel,un roman,0
a process,un processus,0
a quote,une citation,0
a rally,un rassemblement,0
a removal,un retrait,0
a shelter,un abri,0
a shift,un changement,0
a spokesperson,un porte-parole,0
a sportsman,un sportif,0
a surprise,une surprise,0
a tab,un onglet,0
a take,une prise,0
a tape,un enregistrement,0
a trade,un métier,0
a trail,un parcours,0
a tux,un costume,0
a union organiser,un syndicat,0
a whim,un caprice,0
a witness,un témoin,0
accuracy rate,moyenne,0
advice,conseil,0
affordable,abordable,0
AIDS,SIDA,0
aids,aides,0
alien,extraterrestre,0
all saints day,Toussaint,0
alone wolf,loup solitaire,0
although,bien que,0
an accomplice,un complice,0
an advice,un conseil,0
an apostrophe,une apostrophe,0
an asylum seeker,un demandeur d'asile,0
an attachment,une extension,0
an enclosure,une clôture,0
an exit,une sortie,0
an illegal alien,un étranger illégal,0
an ostrich,une autruche,0
an otter,une loutre,0
ancient,ancien,0
ankle,cheville,0
appalling,épouvantable,0
argue,argumenter,0
arson,incendie (criminel),0
as far as...,au sujet de...,0
assert,affirmer,0
astound,stupéfier,0
athletics,athlétisme,0
attend,assister,0
authentic,autentique,0
backgrounds checks,antécédents judiciaires,0
bake,cuire,0
barely,à peine,0
be,être,0
be considered as,être considéré comme,0
be long to,appartenir,0
be thought of as,être considéré comme,0
be wary,être méfiant,0
be weary,être fatigué,0
bear,porter,0
bear,cisailler,0
beat,battre,0
become,devenir,0
begin,commencer,0
behaviour,comportement,0
believable,vraisemblable,0
believe,croire,0
belong to,appartenir à,0
bend,courber,0
bend,se courber,0
benefit from,bénéficier de,0
besides,en outre,0
bet,parier,0
beyond,au delà,0
bind,lier,0
bite,mordre,0
bitter,amer,0
black-eyed,yeux noirs,0
blacken,noircir,0
bleed,saigner,0
blinking,cligner,0
bloody,satané,0
bloohound,molosse,0
blossom,fleurir,0
blow,souffler,0
blue fairy,fée bleue,0
bombastic,tonitruant,0
bonfire,feu domestique,0
bored,s'ennuyer,0
borrow,emprunter,0
breach,brèche,0
break,casser,0
breed,élever,0
breeze,brise,0
bring,apporter,0
brockers,pirates,0
build,bâtir,0
build,construire,0
burn,brûler,0
burst,éclater,0
buy,acheter,0
calculator,calculatrice,0
caring,bienveillance,0
cast,lancer,0
catch,attraper,0
catch fire,prendre feu,0
catch up,se mettre à niveau,0
censorship,censure,0
chanding,scander,0
check,vérifier,0
cheerful,joyeux amoureux des entraînements,0
cherish,chérir,0
choose,choisir,0
clash,affrontement,0
clash with,affronter,0
clerk,employé de bureau,0
click,cliquer,0
cling,s'accrocher,0
close-knit,proche (relation),0
collective violence,violence collective,0
come,venir,0
commit,commettre,0
Computer Science,Informatique,0
confier,entrust,0
conflicting,conflictuel,0
conversely,à l'inverse,0
convey,transmettre,0
coping skills,capacité d'adaptation,0
cost,coûter,0
create,créer,0
creep,ramper,0
crude,brut,0
cruelty,cruauté,0
crushing,sévère,0
culprit,coupable,0
cut,couper,0
dare,oser,0
deal,distribuer,0
demonstration,manifestation,0
depict,décrire,0
depressed,déprimé,0
deprived,défavorisé,0
deserve,mériter,0
despite,malgré,0
destitute,démuni,0
detrimental,au détriment,0
diagnosed,diagnostiqué,0
dig,creuser,0
dissension,désaccord,0
do,faire,0
dogged,obstiné,0
doll,poupée,0
dramatic,spectaculaire,0
draw,tirer,0
draw,dessiner,0
dream,rêver,0
drink,boire,0
drive,conduire,0
drop out,abandonner,0
dumb,muet,0
earn,gagner,0
eat,manger,0
either,soit,0
elevated style,style recherché,0
empathy,empathie,0
ensure,assurer,0
enternainment,divertissement,0
Epiphany,revélation,0
era,époque,0
Establishements,Establishements,0
ethnic enclaves,enclaves ethniques,0
eventually,finalement,0
eventualy,finalement,0
evolve,évoluer,0
exasperated,exaspéré,0
exodus,exode,0
failure,échec,0
fair,juste,0
fall,tomber,0
fearful,craintif,0
feed,nourrir,0
feel,ressentir,0
feel,sentir,0
fight,combattre,0
figures,chiffres,0
finally,finalement,0
financial fund,fond financier,0
find,trouver,0
fire at somebody,tirer sur quelqu'un,0
firefighter,pompier,0
first of all,tout d'abord,0
flee,fuir,0
flex / show off,se vanter,0
floodings,innondations,0
flourish,s'épanouir,0
fly,voler,0
flying saucer,soucoupe volante,0
folks,personnes,0
fonder,found,0
forbid,interdire,0
foresee,prévoir,0
forget,oublier,0
forgive,pardonner,0
freed,libéré,0
freeze,geler,0
funeral parlour,chambre funéraire,0
gambling,jeux d'argent,0
get,obtenir,0
give,donner,0
give in,céder,0
give up,abandonner,0
gleam,briller,0
go,aller,0
goose bumps,chair de poule,0
gospel,évangile,0
gradually,graduellement,0
grief,être peiné,0
grind,moudre,0
grow,pousser,0
grow,grandir,0
guess,deviner,0
gullible,naïf,0
hang,pendre,0
hang,accrocher,0
hard worker,travailleur acharné,0
harmful,nocif,0
hatch,éclore,0
have,avoir,0
have-nots,démunis,0
he is crippled,il est estropié,0
head to somewhere,se diriger vers,0
hear,entendre,0
heritage days,journées du patrimoine,0
hide,cacher,0
hide,se cacher,0
high rate,taux élevé,0
hit,frapper,0
hoax,canular,0
hold,tenir,0
however,cependant,0
human trafficking,trafic d'êtres humains,0
hurt,blesser,0
imagine,imaginer,0
impeachment,mise en accusation,0
improve,améliorer,0
incubator,incubateur,0
inhabitants,habitants,0
initiated,initié,0
innocent victims,victimes innocentes,0
innocuous,anodin,0
investigate,enquêter,0
it rings a bell,ça me rappelle quelque chose,0
jeopardize,compromettre,0
keep,garder,0
kennel,niche,0
kick off,coup d'envoi,0
kneel,s'agenouiller,0
kneel down,s'agenouiller,0
know,connaître,0
know,savoir,0
labor day,fête du travail,0
large-scale,grande échelle,0
lay,poser à plat,0
lead,mener,0
lean,s'appuyer,0
leap,sauter,0
learn,apprendre,0
leave,quitter,0
lend,prêter,0
let,laisser,0
let,permettre,0
lie,être couché,0
lie,être étendu,0
light,éclairer,0
light,allumer,0
limbs,membres,0
long-haired,cheveux longs,0
lose,perdre,0
lost,perdu,0
lying,être couché,0
lyrics,paroles,0
mail,courrier,0
make,faire,0
make,fabriquer,0
make fun of,charier,0
make up,créer,0
mall,centre comercial,0
manage,gérer,0
mass immigration,immigration massive,0
maybe,peut-être,0
mean,signifier,0
meet,rencontrer,0
meet,se rencontrer,0
memory,souvenir,0
mesmerized,hypnotisé,0
mill,moulin,0
mischievous,sympathique,0
mob violence,violence de la foule,0
moreover,par ailleurs,0
mourn,faire le deuil,0
mow,tondre,0
musical note,note de musique,0
nag,titiller,0
naive,naïf,0
national anthem,hymne national,0
neighborhood (USA),quartier,0
neighbourhood (UK),quartier,0
nets,filets,0
noise,bruit,0
nor,ni,0
nosedive,chute libre,0
notes,remarques,0
notice,remarquer,0
nowhere,nulle part,0
obviously,évidemment,0
occupied,occupé,0
oil,huile,0
on a loop,en boucle,0
on going process,processus en cours,0
on purpose,fait exprès,0
one axis,un axe,0
oppressive,oppressif,0
optimistic,optimiste,0
orwellian,dysptopique,0
outcome,résultat,0
overcome,progresser,0
overcome,surmonter,0
overthrowing,renverser,0
owerllian,dysptopique,0
owner,propriétaire,0
pact,fondé,0
palm tree,palmier,0
pay,payer,0
pay respect to the victims,rendre hommage aux victimes,0
perhaps,peut-être,0
plenty,beaucoup,0
policies,politiques,0
poll,sondage,0
poverty,pauvreté,0
praise,apologier,0
predict,prévoir,0
prejudice,préjudice,0
pressure,pression,0
pretend,prétendre,0
prevail,prévaloir,0
prevent something,prevenir quelque chose,0
prior,avant,0
prosperous,prospère,0
purpose,objectif,0
put,mettre,0
quavering voices,voix chevronantes,0
quit,quitter,0
quote,citer,0
read,lire,0
referee,arbitre,0
reflect on,réfléchir à,0
reliable,vérifiable,0
relocate,déménager,0
rent,louer,0
respond,obéir,0
revolve,à propos,0
revolving door,porte tournante,0
rid,débarrasser,0
rid streets of gangs,nettoyer les rues des gangs,0
ride,aller à cheval,0
ride,chevaucher,0
ring,sonner,0
rise,s'élever,0
roots,racines,0
run,courir,0
rural,rural,0
sassy,vif,0
saw,scier,0
say,dire,0
scholars,érudits,0
secular,laïque,0
see,voir,0
seek,chercher,0
seemed,paraître,0
sell,vendre,0
send,envoyer,0
set,placer,0
set,fixer,0
shake,secouer,0
shameful,honteux,0
shear,cisailler,0
shed a light on,mis en lumière,0
shine,briller,0
shoe,chausser,0
shoot,tirer,0
shooting,fusillade,0
shop (UK),magasin,0
short-haired,cheveux courts,0
shorten,raccourcir,0
show,montrer,0
shrink,rétrécir,0
shut,fermer,0
sing,chanter,0
singing spirit out,chanter de tout son coeur,0
sink,couler,0
sit,être assis,0
skiing,skier,0
skills,compétences,0
sky scrapers,gratte-ciel,0
slavery,esclavage,0
sleep,dormir,0
sleeping bag,gigoteuse,0
slide,glisser,0
slightly,légèrement,0
sling,lancer,0
slink,aller furtivement,0
slumber,sommeil,0
smell,sentir,0
so-called,soit disant,0
soar,s'envoler,0
soften,adoucir,0
solidarity,solidarité,0
solitary,solitaire,0
soulever,raise,0
souvenir,souvenir (objet),0
sow,montrer,0
speak,parler,0
spell,épeler,0
spelling,orthographe,0
spend,dépenser,0
spill,répandre,0
spill,renverser un liquide,0
spit,cracher,0
split,séparer,0
split,fendre,0
spoil,gâter,0
spoil,gâcher,0
spoilsport,rabat-joie,0
spread,répandre,0
spread,étaler,0
spring,bondir,0
stage a protest,organiser une manifestation,0
stain,tâche,0
stamps,timbres,0
stand,être debout,0
start,commencer,0
statement,déclaration,0
steal,voler,0
steal,dérober,0
steeple,course,0
stick,coller,0
stink,puer,0
stock market,marchés financiers,0
store (US),magasin,0
storm,tempête,0
stranger,étranger,0
streak,trace,0
strike,frapper,0
struggle,combat,0
stunning,assomant,0
subservience,soumission,0
sum up,résumer,0
superposer,superimpose,0
surfing,surfer,0
surprise,surpris,0
survey,sondage,0
survey,sondages,0
swear,jurer,0
sweep,balayer,0
sweeping conclusion,conclusion hâtive,0
swell,gonfler,0
swim,nager,0
swing,se balancer,0
tadler,bébé de 4-5 ans,0
take,prendre,0
take advantage of,profiter de,0
target audience,public visé,0
teach,enseigner,0
tear,déchirer,0
tear gas,gaz lacrymogène,0
tell,dire,0
tell,raconter,0
temper,tempérament,0
thanksfully,heureusement,0
the countryside,la campagne,0
the culprit,le coupable,0
the culprit is guilty,le coupable est coupable,0
the leftovers,les restes,0
the pride,la fierté,0
the thoughts,les pensées,0
the toad,le crapaud,0
the worst,le pire,0
therefore,en conséquence,0
think,penser,0
though,pourtant,0
threaten,menacer,0
thrive,s'épanouir,0
throughout,à travers,0
throw,lancer,0
tighten controls,renforcer les contrôles,0
till,tant que,0
to achieve,arriver à,0
to acquire,acquérir,0
to advocate someone,défendre quelqu'un,0
to allow,autoriser,0
to alter,altérer,0
to be charged,être accusé,0
to be gunned down,être abattu,0
to be on trial,être en procès,0
to be queer,être bizarre,0
to be reluctant,être réticent,0
to belong to,appartenir à,0
to celebrate,célébrer,0
to cling,s'accrocher,0
to clutch,éteindre,0
to conquer,conquérir,0
to discriminate,discriminer,0
to drive away,chasser,0
to emigrate,émigrer,0
to endure,endurer,0
to enslave,asservir,0
to fit in,s'intégrer,0
to fling,projeter,0
to funnel,canaliser,0
to harass,harceler,0
to hug,serrer dans ses bras,0
to immigrate,immigrer,0
to invade,envahir,0
to languish,se morfondre,0
to lay away savings,faire des économies,0
to lunge / to bump,se bousculer,0
to overcome,surmonter,0
to permit,autoriser,0
to postpone,reporter,0
to praise,célébrer,0
to restrict,restreindre,0
to revile,calomnier,0
to scramble out,sortir à quatre pattes,0
to seek shelter,se mettre à l'abri,0
to settle,s'installer,0
to shove,fouiller,0
to shower,faire tomber,0
to snatch,saisir,0
to sneak out,se faufiler,0
to socialize,se socialiser,0
to spit,cracher,0
to state,déclarer,0
to stick together,s'unifier,0
to strengthen,renforcer,0
to study law,étudier le droit,0
to take control of,prendre le contrôle de,0
to take power over,prendre le pouvoir,0
to throw,lancer,0
to trigger,déclencher,0
to tumble,trébucher,0
to witness,témoigner,0
to yell off,hurler,0
to yield,céder,0
tracksuit,survêtement,0
trash,daube,0
tread,marcher sur les pieds,0
tremendosly,extrêmement,0
trim down,reduce,0
trolley,chariot,0
trustworthy,digne de confiance,0
two axis,deux axes,0
undergo,régresser,0
undergo,subir,0
understand,comprendre,0
une banlieue,a suburb,0
unemployment,chômage,0
unison,unisson,0
unreliable,invérifiable,0
unrest,trouble,0
uppity,présomptueux,0
uprooted,déraciné,0
upset,boulverser,0
urban,urbain,0
use,utiliser,0
vacuum cleaner,aspirateur,0
values,valeurs,0
venomous,venimeux,0
vilified,calomnier,0
vivid,vif,0
wake,réveiller,0
wake,se réveiller,0
warring,en guerre,0
watchdog,chien de garde,0
waterskiing,ski nautique,0
weak,faible,0
wealth,fortune,0
wear,porter,0
wear,porter des vêtements,0
weather conditions,conditions météorologiques,0
weep,pleurer,0
wheel,roue,0
willingness,volonté,0
win,gagner,0
wind,enrouler,0
Wise Men,Rois Mages,0
withdraw,se retirer,0
worsen,empirer,0
write,écrire,0
Youth,la jeunesse,0