Deutsch,Französisch,points
abwaschen,laver,0
ähnlich,similaire,0
akzeptieren,accepter,0
allein,seul (physiquement),0
allerdings,toutefois,0
als,que,0
also,donc,0
am Anfang,au début,0
am dritten,en troisième,0
am ersten,en premier,0
am Horizont,à l'horizon,0
am vierten,en quatrième,0
am zweiten,en deuxième,0
an die Hause,à la maison,0
anbieten,proposer,0
ändern,changer,0
anfangen,commencer,0
angeblich,soi-disant,0
angreifen,attaquer,0
Angst haben,avoir peur,0
annullieren,annuler,0
anrufen,téléphoner,0
anschalten,allumer,0
ansprechen,aborder,0
anziehen,inciter,0
argumentieren,argumenter,0
arm,pauvre,0
auf,sur,0
auf etwas achten,respecter quelque-chose,0
auf etwas verzichten,abandonner quelque-chose,0
auf jeden Fall,en tout cas,0
auf keinen Fall,en aucun cas,0
aufgeteilt,divisé,0
aufmerksam machen,attirer l'attention,0
aufnehmen,accueillir,0
aufrütteln,secouer,0
aufsetzen,mettre,0
aufstehen,se lever,0
aus Holz,en bois,0
ausdrücken,s'exprimer,0
ausgeben,dépenser,0
aushalten,soutenir,0
ausloggen,se déconnecter,0
ausschalten,éteindre,0
aussehen,avoir l'air,0
außerdem,en outre,0
aussergewöhnlich,extraordinaire,0
außerhalb,à l'éxtérieur,0
äußerst / extrem,extrêmement,0
austauschen,échanger,0
Auswanderung,immigration,0
ausweichen,esquiver,0
autonom,autonome,0
backen,faire cuire,0
backen,cuire,0
bauen,construire,0
beeinflussen,influencer,0
beenden,finir,0
befehlen,ordonner,0
befreien,libérer,0
beginnen,commencer,0
begrenzen,limiter,0
behaupten,prétendre,0
behindert sein,être handicapé,0
beinahe,presque,0
beißen,mordre,0
beitragen,contribuer,0
bekannt,connu,0
bekommen,recevoir,0
Belgien,la Belgique,0
bemerken,remarquer,0
benutzen / nutzen,utiliser,0
bequem,précieux,0
besichtigen,visiter,0
besonders,en particulier,0
bestärken,soutenir,0
bestimmt,certainement,0
besuchen,retrouver,0
Besucherzentrum,Office de tourisme,0
betreffen,concerner,0
betrügen,tromper,0
bevor,avant que,0
bewahren,conserver,0
bewegen,inciter,0
bewirken,provoquer,0
bewusst,conscient,0
biegen,courber,0
bieten,offrir,0
bieten,proposer,0
billig,peu cher,0
binden,attacher,0
bis,jusqu'à,0
bis 17Uhr30,jusqu'à 17h30,0
bis bald,à bientôt,0
bis heute,jusqu'à aujourd'hui,0
bis nachher,à plus tard,0
bis später,à plus tard,0
bisher,jusqu'ici,0
bitten,prier,0
bitten,demander,0
bleiben,rester,0
böse sein,être méchant,0
Brasilien,le Brésil,0
brauchen,avoir besoin,0
brechen,casser,0
breit,large,0
bringen,apporter,0
checken,vérifier,0
dagegen,en revanche,0
Damals,Autrefois,0
Damit,afin que,0
Damit zählt,ça compte,0
danach,ensuite,0
Dänemark,le Danemark,0
Dänisch,le danois (langue),0
dann,ensuite,0
darum,c'est pourquoi,0
"das Angebot (-, en)",la proposition,0
"das Arbeitszimmer (-, -)",le bureau,0
"das Auge (-, n)",l'oeil,0
"das Ausland (ä, er)",le pays étranger,0
"das Bad (ä, er)",le bain,0
"das Badezimmer (-, -)",la salle de bain,0
"das Beispiel (-, e)",l'exemple,0
"das Bett (-, en)",le lit,0
das Bewusstsein,la conscience,0
"das Bild (-, er)",l'image,0
das Blatt papier,le papier de brouillon,0
"das Boat/Boot (-, e) / das Schiff (-, e)",le bateau,0
das Brandenburger Tür,la porte de Brandebourg,0
"das Brot (-, e)",le pain,0
das Bücherregal,la bibliothèque,0
"das Dach (ä, er)",le toit,0
"das Denkmal (ä, er)",le monument,0
"das Ehepaar (-, e)",le couple,0
"das Ei (-, er)",l'oeuf,0
"das Eigenheim (-, e)",la propriété,0
"das Erfolg (-, e)",le succès,0
"das Ergebnis (-, se)",le résultat,0
"das Esszimmer (-, -)",la salle à manger,0
"das Fehler (-, -)",l'erreur,0
"das Felsenriff (-, e)",le rocher,0
"das Fenster (Fenst, e)",la fenêtre,0
das Fleisch,la chair,0
"das Fußballtor (-, e)",le but de foot,0
"das Gebäude (-, -)",le bâtiment,0
"das Gefühl (-, e)",le sentiment,0
das Gegenteil,le contraire,0
"das Geheimnis (-, se)",le secret,0
"das Gemälde (-, -)",le tableau,0
"das Gemüse (-, -)",le légume,0
"das Gerät (-, e)",l'appareil,0
"das Gericht (-, e)",le plat,0
"das Geschenk (-, e)",le cadeau,0
"das Geschmeide (-, -)",le bijou,0
"das Glas (-, -)",le verre,0
"das Glockenspiel (-, e)",le carillon,0
das Glück (/),le bonheur,0
"das Grundprinzip (-, ien)",le principe fondamental,0
das Gute und das Böse,le bien et le mal,0
"das Haar (-, e)",le cheveu,0
"das Handy (-, s)",le téléphone,0
das härteste,le plus dur,0
das Heft,le cahier,0
"das Heim (-, e)",le foyer,0
"das Interesse (-, n)",l'intérêt,0
das Internat,l'internat,0
"das Kissen (-, -)",l'oreiller,0
"das Klischee (-, s)",le cliché,0
"das Korn (ö, en)",la céréale,0
das Krankenhaus,l'hôpital,0
"das Kunstwerk (-, e)",l'œuvre d'art,0
das Leben,la vie,0
"das Lebensmittel (-, -)",l'aliment,0
"das Lesezimmer (-, -)",la salle de lecture,0
"das Lied (-, er)",la chanson,0
das Mäppchen,la trousse,0
"das Märchen (-, -)",le conte,0
"das Messer (-, -)",le couteau,0
das Mineralwasser,l'eau minérale,0
das Mittelalter,le Moyen-âge,0
das Mittelmeer,la Méditerranée,0
"das Möbelstück (-, e)",le meuble,0
"das Obst (-, -)",le fruit,0
"das Ohr (-, en)",l'oreille,0
"das Opernhaus (ä, er)",l'opéra,0
"das Opfer (-, -)",la victime,0
"das Ort (-, e)",le lieu,0
"das Plakat (-, e)",l'affiche,0
"das Porzellan (-, -)",la porcelaine,0
"das Poster (-, -)",le poster,0
"das Praktikum (ka, -)",le stage,0
"das Prozent (-, e)",le pourcentage,0
"das Recht (-, e)",le droit,0
das Recht haben,avoir le droit,0
das recycling,le recyclage,0
"das Rentner (-, -)",le retraité,0
"das Risiko (-, en)",le risque,0
das Salz,le sel,0
"das Schlafzimmer (-, -)",la chambre,0
"das Schloss (ö, er)",le château,0
das schwerste,le plus lourd,0
"das Schwert (-, er)",l'épée,0
das Selbstbildnis,l'autoportrait,0
das Siegel,le label,0
"das Sinn (-, e)",le sens,0
"das Stück (-, e)",le morceau,0
"das Tal (ä, er)",la vallée,0
"das Tisch (-, e)",la table,0
"das Tuch (ü, er)",le foulard,0
"das Unternehmen (-, -)",l'entreprise,0
das Verbrauchsdatum,la date de péremption,0
das Vereinigte Köningreich,le Royaume-Uni,0
das Verhalten,le comportement,0
das Vertrauen,la confiance,0
"das Verzeichnis (-, se)",le dossier (informatique),0
das Virus,le virus,0
das Vorbild,le modèle,0
das Wartezimmer,la salle d'attente,0
das Wasserglas,le verre d'eau,0
"das Werkzeuge (-, -)",l'outil,0
das Wirtschaftswunder,le miracle économique,0
"das Wohnzimmer (-, -)",le salon,0
"das Wörterbuch (ü, er)",le dictionnaire,0
"das Zeichen (-, -)",le signe,0
das Zeitalter,l'époque,0
"das Ziel (-, e)",l'objectif,0
das Zitat,l'agenda,0
dazu / ausserdem,en outre,0
dazugeben,ajouter,0
deaktivieren,désactiver,0
deine Wahl,ton choix,0
dem ganzen Tag,tous les jours,0
den Urlaub,les vacances,0
denken,penser,0
denn,car,0
Dennoch,cependant,0
deprimieren,déprimer,0
"der Abfall (ä, e)",le déchet,0
"der Alptraum (ä, e)",le cauchemar,0
der Altag,la routine,0
"der Angreifer (-, -)",l'attaquant,0
"der Apfel (Ä, -)",la pomme,0
"der Arbeinehmer (-, -)",l'employé,0
"der Arbeitgeber (-, -)",l'employeur,0
"der Arbeitsstuhl (ü, e)",la chaise de travail,0
"der Asylbewerber (-, -)",le demandeur d'asile,0
"der Ausdruck (ü, e)",l'expression,0
"der Aussländer (-, -)",l'étranger,0
"der Austausch (-, -)",l'échange,0
"der Autoskooter (-, -)",l'auto tempauneuse,0
der Bäcker,le boulanger,0
"der Balkon (-, e)",le balcon,0
"der Bart (ä, e)",la barbe,0
"der Bau (-, ten)",la construction,0
der Baust off,les matériaux de construction,0
"der Behinderte (-, -)",l'handicapé,0
"der Beitrag (-, e)",l'article,0
"der Bereich (-, e)",le domaine,0
"der Beruf (-, e)",le métier,0
"der Bildhauer (-, -)",le sculpteur,0
"der Bischof (ö, e)",l'évêque,0
der Brasilianer(in),le brésilien,0
"der Brokkoli (-, -)",le brocoli,0
"der Buchstabe (-, n)",la lettre,0
"der Bürger (-, -)",le citoyen,0
"der Code (-, s)",le code,0
"der Computer (-, -)",l'ordinateur,0
der Däne(-in),le danois (personne),0
"der Daumen (-, -)",le pouce,0
"der Deckel (-, -)",le couvercle,0
"der Dentist (-, en)",le dentiste,0
der deutsch,l'allemand (personne),0
der Dienst,le service,0
"der Dom (-, e)",la cathédrale,0
der Dritte,le tiers,0
"der Durchschnitt (-, e)",la moyenne,0
"der Eigenname (-, n)",le nom propre,0
der Einsatz,l'engagement,0
der Engländer(in),l'anglais (personne),0
"der Erfolg (-, e)",le succès,0
"der Eßzimmer (-, -)",la salle à manger,0
der Euro,l'euro,0
der Fahrgäst,le passager,0
der Fair,le juste,0
"der Fehler (-, -)",l'erreur,0
"der Felsen (-, -)",le rocher,0
"der Fernseher (-, -)",la télé,0
"der Finger (-, -)",le doigt,0
"der Fischer (-, -)",le pêcheur,0
"der Fitnessraum (ä, e)",la salle de sport,0
der Fleiß,l'assiduité,0
"der Flüchting (-, e)",le réfugier,0
"der Flur (-, e)",le couloir,0
"der Fluss (ü, e)",le fleuve,0
der Forscher,le chercheur,0
"der Fortschritt (-, e)",le progrès,0
der Franzose(-in),le français,0
"der Fremde (-, -)",l'étranger,0
"der Freund (-, e)",l'ami,0
der Frühling,le printemps,0
"der Gefangene (-, n)",le prisonnier,0
der Grieche(-in),le grec (personne),0
"der Großburschstabe (-, n)",la majuscule,0
"der Grund (ü, e)",la raison,0
der Handel,le commerce,0
"der Händler (-, -)",le commerçant,0
der Herbst,l'autonomne,0
"der Hut (ü, e)",le chapeau,0
der Impfbefürworter,le pro-vaccin,0
der Impfgegner,l'anti-vaccin,0
der Impfpass,le pass vaccinal,0
der Impfstoff,le vaccin,0
"der Inhalt (-, e)",le contenu,0
"der Jacuzzi (-, s)",le jacuzzi,0
"der Joghurt (-, s)",le yaourt,0
"der Jugendliche (-, n)",le jeune,0
"der Kamm (ä, e)",le peigne,0
der Kanadier(in),le Canadien,0
"der Käse (-, -)",le fromage,0
"der Keks (-, e)",le biscuit,0
der klein Löffel (kleinen),la petite cuillère,0
der Klimawandel,le changement climatique,0
"der Kochtopf (ö, e)",la marmite,0
der Komfort,le confort,0
"der Kompott (-, e)",la compote,0
der Konsum,la consommation,0
"der Kopfhörer (-, -)",le casque,0
der Kreisverkehr,le brouillard,0
"der Kuchen (-, -)",le gâteau,0
"der Kühlschrank (-, e)",le réfrigérateur,0
"der Kunde (-, n)",le client,0
"der Künstler (-, -)",l'artiste,0
der Kursrückruf,le rappel de cours,0
"der Kuss (ü, e)",le baiser,0
"der Lebenslauf (ä, e)",le CV,0
"der Löffel (-, -)",la cuillère,0
"der Mächtige (-, n)",le puissant,0
"der Märchenprinz (-, en)",le prince charmant,0
der Mauerfall,la chute du mur,0
"der Migrant (-, en)",le migrant,0
der Migrantionshintergrund,le passé des migrants,0
der Missbrauch,l'abus,0
"der Müll (-, -)",le déchet,0
der Mülleimer,la poubelle,0
"der Mund (ü, er)",la bouche,0
der Nachbarnschaft,le voisinage,0
"der Nachteil (-, e)",l'inconvénient,0
"der Nachttisch (-, e)",la table de nuit,0
der Niederländer(in),le néerlandais (personne),0
der Norden,le Nord,0
"der Ohrring (-, e)",la boucle d'oreille,0
"der Ordner (-, -)",le classeur,0
"der Ort (-, e)",le lieu,0
der Osten,l'Ouest,0
der Österreicher(in),l'autrichien,0
"der Pantoffel (-, n)",la pantoufle,0
der Personalausweis,la carte d'identité,0
der Pfeffer,le poivre,0
"der Pfosten (-, -)",le poteau,0
der Portugiese(-in),le portugais (personne),0
der Protest,la manifestation,0
der Quadratmeter,le mètre carré,0
der Rädelsführer,le meneur,0
der Ratschlag,le conseil,0
der Regen,la pluie,0
der Reisepass,le passeport,0
"der Rucksack (ä, e)",le sac à dos,0
der Rückschritt,la régression,0
"der Sänger (-, -)",le chanteur,0
der Schach,les échecs,0
der Schauspieler,l'acteur,0
"der Schiffbruch (ü, e)",le naufrage,0
"der Schiffbrüchtige (-, n)",le naufragé,0
der Schlaf,le sommeil,0
der Schnee,la neige,0
"der Schnurrbart (ä, e)",la moustache,0
"der Schrank (ä, e)",l'armoire,0
der Schreibtisch,le bureau,0
"der Schriftsteller (-, -)",l'écrivain,0
der Schritt,le pas,0
der Schutz,la protection,0
der Schweizer(in),le suisse (personne),0
der Senf,la moutarde,0
"der Sessel (-, -)",le fauteuil,0
"der Sofa (-, s)",le canapé,0
der Sommer,l'été,0
"der Song (-, s)",la musique,0
der Spanier(in),l'espagnol (langue),0
"der Spaziergang (ä, e)",la promenade,0
"der Stein (-, e)",la pierre,0
"der Strand (ä, e)",la plage,0
der Straßenprotest,la manifestation de rue,0
der Studenplan,l'emploi du temps,0
"der Student (-, en)",l'étudiant,0
"der Stuhl (ü, e)",la chaise,0
der Süden,le Sud,0
"der Teller (-, -)",l'assiette,0
"der Teppich (-, e)",le tapis,0
der Teufel,le diable,0
der Tod,la mort,0
"der Ton (ö, e)",le son,0
der Umschwund,le renversement,0
"der Umstand (-, e)",la circonstance,0
der Unfall,l'accident,0
"der Unfall (-, e)",l'accident,0
der Unterricht,le cours,0
der Untersatz,le dessous de plat,0
"der Unterschied (-, e)",la différence,0
"der Verein (-, e)",l'association,0
"der Verteidiger (-, -)",le défenseur,0
"der Verteiler (-, -)",le distributeur,0
der Viertel,le quart,0
"der Vorteil (-, e)",l'avantage,0
"der Wächter (-, -)",le gardien,0
der Wahl,le vote,0
"der Wald (ä, er)",la forêt,0
"der Weg (-, e)",le chemin,0
der Weihnachtsmann,le père Noël,0
"der Wein (-, e)",le vin,0
der Westen,l'Est,0
"der Wettbewerb (-, e)",le concours,0
"der Wind (-, e)",le vent,0
der Winter,l'hiver,0
der Wissenchaftler,le scientifique,0
der Wissenschaft,la science,0
der Workaholic,le bourreau de travail,0
"der Wunsch (ü, e)",le souhait,0
der Würfel,le dé,0
der Zaun,le grillage,0
der Zufall,le hasard,0
"der Zug (ü, e)",le train,0
"der Zweifel (-, -)",le doute,0
deshalb,c'est pourquoi,0
deswegen,c'est pourquoi,0
Deutsch,l'allemand (langue),0
Deutschland,l'Allemagne,0
dicht,serré,0
die abgebildeten Personnen,les personnages représentés,0
"die Abhängigkeit (-, en)",la dépendance,0
die Abschaffung,la suppression,0
"die Angst (ä, e)",la peur,0
die Anregung,l'incitation,0
die Ansteckung,la contamination,0
die Anzeige,l'annonce,0
die Apotheke,la pharmacie,0
die Applikation,l'application,0
"die Arbeinehmerin (-, nen)",l'employée,0
die Arbeitsplätze,les emplois,0
die Arie,la mélodie,0
"die Armee (-, n)",l'armée,0
"die Ausbildung (-, en)",la formation,0
die Ausgabe,la distribution,0
die Ausganssperre,le confinement,0
die Ausnahme,l'exception,0
die Aussprache,la prononciation,0
"die Ausstattung (-, en)",l'équipement,0
"die Ausstellung (-, en)",l'exposition,0
"die Autobahn (-, en)",l'autoroute,0
"die Bäckerei (-, en)",la boulangerie,0
die Bagger,la pelleteuse,0
die Bedeutung,la signification,0
die Beharrlichkeit,l'insistance,0
die Behinderung,l'invalidité,0
die Behören,les autorités,0
die Benutzung,l'utilisation,0
"die Berufsmöglichkeit (-, en)",la possibilité de travail,0
die Bestellung,le paiement,0
die Bestellung,la commande,0
"die Beteiligung (-, en)",la participation,0
die Betonung,la prononciation,0
"die Bevölkerung (-, en)",la population,0
"die Bewerbung (-, en)",la candidature,0
die Bezahlung,la commande,0
"die Beziehung (-, en)",la relation,0
die Bildunterschrifft,la description d'image,0
"die Birne (-, en)",la poire,0
die Bischofsmütze,la mitre,0
"die Blume (-, n)",la fleur,0
die Botschaft,le message,0
"die Botschaft (-, en)",le message,0
die BRD,la RFA,0
die Brille,les lunettes,0
die Brücke,le pont,0
die Buchdruckerkunst,l'art de l'impression,0
die Bühne,la scène,0
"die Bundeskanzlerin (-, nen)",la chancelière,0
die Bundesrepublik Deutschland,la République fédérale d'Allemagne,0
die Burg,le château,0
die Bürgerbewegung,le mouvement citoyen,0
die Bürgerschaft,la citoyenneté,0
die Butter,le beurre,0
"die Datei (-, en)",le fichier,0
die DDR,la RDA,0
die deutsche,l'allemande,0
die Deutsche Demokratische Republik,la République Démocratique Allemande,0
die deutschlehrerin,la professeur d'allemand,0
die Diskriminierung,la discrimination,0
die Dystopie,la dystopie,0
die Ehrlichkeit,la sincérité,0
die Einschränkungen,les restrictions,0
die Entrüstung,l'indignation,0
die Entscheidung,la décision,0
die Entwicklung,le développement,0
"die Entwicklung (-, en)",le développement,0
"die Erdbeere (-, n)",la fraise,0
"die Erfahrung (-, en)",l'expérience,0
die Erweiterte Realität,la réalité augmentée,0
die Erziehung,l'éducation,0
die Europäische Union,l'Union européenne,0
"die Fabrik (-, en)",l'usine,0
"die Fähigkeit (-, en)",la compétence,0
"die Farbe (-, en)",la couleur,0
"die Flasche (-, n)",la bouteille,0
die Fließbandarbeit,le travail à la chaîne,0
die Flucht,la fuite,0
"die Folge (-, en)",la conséquence,0
die Forschung,la recherche,0
die Freiheitsstatue,la Statue de la Liberté,0
die Freilichtbühne,le théâtre en plein air,0
"die Fremdsprache (-, en)",la langue étrangère,0
"die Freude (-, en)",la joie,0
"die Freundin (-, en)",l'amie,0
die Führung,la visite guidée,0
"die Gabel (-, n)",la fourchette,0
die ganze Nacht,chaque nuit,0
die Gebrüder Grimm,les frères Grimm,0
die Gefahr,le danger,0
"die Gefahr (-, en)",le danger,0
die Gegenwart,le présent,0
die Gemeinschaft,la communauté,0
"die Geschichte (-, n)",l'histoire,0
"die Geschwindigkeit (-, en)",la vitesse,0
"die Gesellschaft (-, en)",la société,0
die Gesundheit,la santé,0
"die Gewalt (-, en)",la violence,0
die Gewinn,la victoire,0
"die Gewohnheit (-, en)",l'habitude,0
"die Gleichgültigkeit (-, en)",l'indifférence,0
die Gleichkeit,l'égalité,0
die Globalisierung,la mondialisation,0
"die Grenze (-, n)",la frontière,0
"die Grundschule (-, n)",l'école primaire,0
die Gründung,la création,0
"die Gründung (-, en)",la création,0
die Gunst,la faveur,0
"die Hälfte (-, n)",la moitié,0
die Hauptstadt,la capitale,0
"die Hausarbeit (-, en)",la tâche ménagère,0
die hausaufgaben,les devoirs,0
"die Heimat (-, en)",la patrie,0
die Herausforderungen,les défis,0
"die Herkunft (-, en)",l'origine,0
die Hilfe,l'aide,0
"die Himbeere (-, n)",la framboise,0
die Hoffnung,l'espoir,0
"die Hundehütte (-, n)",la niche,0
die Impfpflicht,l'obligation vaccinale,0
die Impfung,la vaccination,0
"die Kanne (-, n)",le pichet,0
"die Karotte (-, n)",la carotte,0
"die Kelle (-, n)",la louche,0
die Kerze,la bougie,0
"die Kommode (-, n)",la commode,0
"die Konjugation (-, en)",la conjugaison,0
"die Konsequenz (-, en)",la conséquence,0
die Kontaktlinsen,les lentilles de contact,0
"die Kontraktion (-, en)",la contraction,0
"die Kröte (-, n)",le crapaud,0
"die Küche (-, n)",la cuisine,0
"die Kunst (ü, e)",l'art,0
"die Kurve (-, n)",le virage,0
"die Lage (-, n)",le lieu,0
die Lebensverhältnisse,les conditions de vie,0
"die Legende (-, n)",la légende,0
"die Leiche (-, n)",le corps,0
"die Leine (-, n)",la laisse,0
die Liebe,l'amour,0
die Lieferung,la livraison,0
die Lösungen,les solutions,0
die Luft,l'air,0
die Macht,le pouvoir,0
"die Malerei (-, en)",la peinture,0
die Mäppchen,la trousse,0
"die Marmelade (-, n)",la confiture,0
die Maskenpflicht,l'obligation du port du masque,0
"die Mauer (-, n)",le mur,0
die Medien,les médias,0
"die Meerjungfrau (-, en)",la sirène,0
"die Meinung (-, en)",l'avis,0
die Meinungsfreiheit,la liberté d'expression,0
die Menschlichkeit,l'humanité,0
"die Miete (-, n)",le loyer,0
"die Möglichkeit (-, en)",la possibilité,0
die Mülldeponie,la déchetterie,0
"die Mülltonne (-, n)",la grosse poubelle,0
"die Musiknote (-, n)",la note de musique,0
die Mut,le courage,0
"die Muttersprache (-, n)",la langue maternelle,0
"die Nachhilfe (-, n)",le soutien scolaire,0
"die Nachricht (-, en)",le message,0
die Nachrichten,les informations,0
"die Nase (-, n)",le nez,0
die Niederlande,les Pays-Bas,0
"die Not (ö, e)",la détresse,0
"die Note (-, n)",la note,0
"die Oper (-, n)",l'opéra,0
"die Opposition (-, en)",l'opposition,0
"die Option (-, en)",l'option,0
"die Orange (-, n)",l'orange,0
die Pandemie,la pandémie,0
"die Pflaume (-, n)",la prune,0
"die Platte (-, n)",le plat,0
"die Quelle (-, n)",la source,0
"die Ratte (-, n)",le rat,0
"die Regierung (-, en)",le gouvernement,0
die Registrierung,l'enregistrement,0
"die Reise (-, n)",le voyage,0
"die Rhabarber (-, -)",la rhubarbe,0
die Risiken,les risques,0
die Rüstung,l'armement,0
"die Sage (-, n)",la légende,0
"die Schauspielerin (-, nen)",l'actrice,0
"die Schere (-, n)",le ciseaux,0
"die Schnelligkeit (-, en)",la rapidité,0
"die Schriftstellerin (-, nen)",l'écrivaine,0
"die Schuld (-, en)",la dette,0
die Schweiz,la Suisse,0
"die Semmel (-, n)",le petit pain,0
die Sonne,le soleil,0
die Spezialität,la spécialité,0
"die Sprache (-, n)",la langue,0
die Sprudelfabrik,l'usine d'eau gazeuse,0
die Staat,l'état,0
die Stauer,les impôts,0
"die Stehlampe (-, n)",la lampe de chevet,0
"die Stimme (-, n)",la voix,0
"die Stimmung (-, en)",l'ambiance,0
"die Straße (-, n)",la rue,0
"die Straßenbahn (-, en)",le tramway,0
"die Streik (-, s)",la grève,0
"die Strömung (-, en)",le courant,0
"die Stunde (-, n)",l'heure,0
die Sucht,l'addiction,0
"die Tasche (-, n)",la poche,0
"die Tasse (-, n)",la tasse,0
die Textstelle,l'agenda,0
die Toilette,les toilettes,0
"die Tomate (-, n)",la tomate,0
"die Torte (-, n)",la tarte,0
die Träger,les supports,0
"die Traube (-, n)",le raisin,0
"die Traurigkeit (-, en)",la tristesse,0
die Treppe,les escaliers,0
die Treue,la fidélité,0
"die Tür (-, en)",la porte,0
die Türme,le tour,0
"die Überraschung (-, en)",la surprise,0
"die Überschrift (-, en)",le titre,0
"die Übersetzung (-, en)",la traduction,0
"die Übung (-, en)",l'exercice,0
"die Uhr (-, en)",la montre,0
die Umwelt,l'environnement,0
die Unabhängigkeit,l'indépendance,0
die Uneinigkeit,l'inégalité,0
"die Uneinigkeit (-, en)",le désaccord,0
die Unterstützung,le soutien,0
"die Ursache (-, n)",la cause,0
die Utopie,l'utopie,0
die Veranstaltung,l'événement,0
die Verantwortung,la responsabilité,0
"die Verantwortung (-, en)",la responsabilité,0
die Vereinigten Staaten von Amerika,les États-Unis d'Amérique,0
die Vergangenheit,le passé,0
"die Verpackung (-, en)",l'emballage,0
die Verschnutzung,la pollution,0
die Verschwendung,le gaspillage,0
die Wand,le mur,0
die Wasserkanne,le pichet d'eau,0
die Wegbereiterin,le précurseur,0
"die Welt (-, en)",le monde,0
"die Werbung (-, en)",la publicité,0
die Weste,la veste,0
"die Westentasche (-, n)",la poche de gilet,0
die Willensfreiheit,le libre arbitre,0
die Wirklichkeit,la réalité,0
die Wirtschaft,l'économie,0
die Wirtschaftliche Unterricht,le cours d'économie,0
die Wirtschaftsstunde,le cours d'économie,0
die Wohnform,l'habitat,0
die Wohngemeinschaft,la collocation,0
"die Wohnung (-, en)",l'appartement,0
"die Wolke (-, n)",le nuage,0
"die Wurst (ü, chen)",la saucisse,0
die Wut,la colère,0
"die Zeichnung (-, en)",le dessin,0
die Zeile,la ligne,0
die Zeit,le temps,0
"die Zeitung (-, en)",le journal,0
"die Zufriedenheit (-, en)",la satisfaction,0
"die Zugehörigkeit (-, en)",l'appartenance,0
"die Zukunft (ü, e)",le futur,0
"die Zusammenfassung (-, en)",le résumé,0
"die Zustimmung (-, en)",l'accord,0
die Zweifel,le doute,0
dienen,servir,0
dikkopflig,têtu,0
diskriminierend,discriminant,0
doch,mais,0
doppeltfach,double,0
draussen,dehors,0
dreckig,sale,0
dreifach,triple,0
drucken,imprimer,0
drücken,presser,0
durst haben,avoir soif,0
düster,sombre,0
duzen,tutoyer,0
dynamisch,dynamique,0
ebenfalls,également,0
echt ?,sérieux ?,0
ehemalig,ancien,0
eher,plutôt,0
eifersüchtig,jaloux,0
ein Botschaft vermitteln,transmettre un message,0
"ein klimmzug (ü, e)",une traction,0
ein Treffen,un rendez-vous,0
ein Wissenschaftliches Fach,une matière scientifique,0
ein zeitlimit setzen,mettre une limite de temps,0
eindeutig,clair,0
eine Klugscheißerin,"une Madame ""je sais tout""",0
eine Pflicht,une obligation,0
einen Rat geben,donner un conseil,0
eingeholt werden,être rattrapé,0
eingesperrt,emprisonné,0
eingreifen,intervenir,0
einige,quelques,0
einladen,inviter,0
einloggen,se connecter,0
einrichten,aménager,0
einzam,seul (psychologiquement),0
emanzipieren,émanciper,0
empfangen,accueillir,0
empfehlen,recommander,0
empört,indigné,0
endlich,enfin,0
eng,étroit,0
Englisch,l'anglais (langue),0
enstehen,émerger,0
entedecken,découvrir,0
entfernen,enlever,0
entfernt,éloigné,0
entmutigen,décourager,0
entmutigt sein,être découragé,0
entrüstet,indigné,0
entscheiden,décider,0
entspannt,détendu,0
enttäuscht,déçu,0
entweder... oder...,soit... soit...,0
erfolgreich,qui a du succès,0
ergreifen,saisir,0
erlauben,autoriser,0
erlaubt sein,être autorisé,0
erleben,expérimenter,0
erledigen,accomplir,0
erleichtern,faciliter,0
ermutigen,encourager,0
ernähren,nourrir,0
erreichen,atteindre,0
erschrocken sein,être éffrayé,0
ersetzen,remplacer,0
erstellen,élaborer,0
erstes mal,première fois,0
ertrinken,se noyer,0
erzählen,raconter,0
es gefällt mir,ça me plaît,0
essen,manger,0
etwas,quelque chose,0
etwas befürchten,craindre quelque chose,0
fahren,se déplacer en véhicule,0
fahren,aller en véhicule,0
fahren,aller,0
fallen,tomber,0
fangen,attraper,0
fast,presque,0
fasziniert sein,être fasciné,0
feiern,fêter,0
fernsehen,regarder la tv,0
finden,trouver,0
fliegen,voler,0
fliehen,fuir,0
fliehen,s'enfuir,0
fließen,couler,0
forschen,chercher,0
fortschrittlich,progressiste,0
Frankreich,la France,0
Französisch,le français,0
fressen,manger (animal),0
frieren,geler,0
froh sein,être content,0
fröhlich,joyeux,0
Früher,Autrefois,0
frühstücken,prendre le petit déjeuner,0
frustriert sein,être frustré,0
funkeln,étinceler,0
gebaut,construit,0
geben,donner,0
gebraucht,occasion,0
geduldig,patient,0
gefährlich,dangereux,0
gefallen,plaire,0
geheimnisvoll,mystérieux,0
gehen,aller,0
gehören,appartenir à,0
gelb,jaune,0
geld verdienen,gagner de l'argent,0
gelingen,réussir,0
gelten,valoir,0
gemütlich,confortable,0
generieren,générer,0
genießen,profiter,0
gern,bien aimer,0
geschehen,survenir,0
geschehen,se produire,0
gestern,hier,0
gestresst sein,être stressé,0
gesund,sain,0
gewaltig,prodigieux,0
gewinnen,gagner,0
gewissermaßen,en quelque sorte,0
gewittrig,orageux,0
gewöhnlich,habituel,0
gleich,même,0
gleichen,ressembler,0
gleichfalls,vous aussi,0
glücklich sein,être heureux,0
graben,creuser,0
gratis,gratuit,0
grausam,cruel,0
greifen,attraper,0
greifen,saisir,0
Griechenland,la Grèce,0
Griechisch,le grec (langue),0
gründen,créer,0
günstig,avantageux,0
günstling,favori,0
gut ausgestattet sein,être bien équipé,0
haben,avoir,0
halten,tenir,0
Handelsabkommen,accords commerciaux,0
hängen,accrocher,0
hängen,être suspendu,0
hart,difficile,0
hassen,détester,0
hauptsächlich,principalement,0
heißen,s'appeler,0
heißen,s’appeler,0
helfen,aider,0
herunterkommen,descendre,0
heutig,actuel,0
hilfsbereit,serviable,0
hinter,derrière,0
hoch,puissance,0
hoffen,espérer,0
hoffentlich,pourvu que,0
hunger haben,avoir faim,0
ignorieren,ignorer,0
im Abendröte,au crépuscule,0
im Allgemein,en général,0
im Allgemeinen,en général,0
im Erdgeschoß,au rez-de-chaussée,0
im ersten Stock,au premier étage,0
im Hintergrund,à l'arrière plan,0
im Vordergrund,au premier plan,0
im Wald,en forêt,0
immer,toujours,0
immer mehr,de plus en plus,0
impulsiv,impulsif,0
in,dedans,0
in der Mitte,au milieu,0
in Rente sein,être à la retraite,0
infolgedessen,par conséquent,0
Insbesondere,particulièrement,0
insofern,dans la mesure où,0
instrumentalisieren,instrumentaliser,0
interessant,intéressant,0
internetsüchtig,addict a l'internet,0
investieren,investir,0
Inwiefern,dans quelle mesure,0
irgendwie,d'une certaine manière,0
ist gleich,est égal,0
Jawohl,Bien sûr,0
jeden Samstag,chaque samedi,0
jeden Tag,chaque jour,0
jeder / jede / jedes,chaque,0
jedermann,tout le monde,0
jedoch,cependant,0
kämmen,peigner,0
Kanada,le Canada,0
kein Zeit mehr,plus de temps,0
keinesfalls,en aucun cas,0
kennen,connaitre,0
kennen,connaître,0
kippen,basculer,0
klauen,voler,0
klingen,sonner,0
knabbern,croquer,0
kochen,cuisiner,0
kommen,venir,0
konsumieren,consommer,0
kopieren,copier,0
kostenlos,gratuit,0
kräftig,vigoureux,0
kreuzen,croiser,0
Künstliche Intelligenz,Intelligence artificielle,0
küssen,embrasser,0
lachen,rire,0
laden,charger,0
lassen,laisser,0
laufen,courir,0
leben,vivre,0
lebendig,vivant,0
ledig sein,être célibataire,0
leiden,souffrir,0
leider,malheuresement,0
leihen,prêter,0
lesen,lire,0
letzt,dernier,0
lieben,aimer,0
Lieder Machen,auteur compositeur,0
liegen,être allongé,0
links,gauche,0
löschen,supprimer,0
lügen,mentir,0
lustig,rigolo,0
luxuriös,luxure,0
mal,fois,0
malen,peindre,0
manchmal,parfois,0
manipulieren,manipuler,0
maximieren,maximiser,0
mehr,plus,0
mehrmals,plusieurs fois,0
meiden,éviter,0
meine Schwester,ma soeur,0
Meiner Meinung nach...,À mon avis...,0
melancholisch,mélancolique,0
menschenzentriert,centré sur l'homme,0
messen,mesurer,0
mieten,louer (locataire),0
milden,doux,0
minimieren,minimiser,0
minus,moins,0
mir ist kalt,j'ai froid,0
mir ist wärm,j'ai chaud,0
mischen,mélanger,0
mitkommen,accompagner,0
mögen,bien aimer,0
möglich,possible,0
möglich sein,être possible,0
mord,meurtre,0
morgen,demain,0
mutig,courageux,0
nachdem,après que,0
nächst,suivant,0
nächst,prochain,0
nah,proche,0
nahezu,presque,0
nämlich,en effet,0
neben,à côté,0
nehmen,prendre,0
nennen,nommer,0
nervös sein,être nerveux,0
nett,sympa,0
nicht so gern,ne pas aimer,0
nicht verwandte Sprachen,langues non semblables,0
nie,jamais,0
Niederländisch,le néerlandais (langue),0
Nirgendwo,nulle part,0
nötig,nécessaire,0
nur,seulement,0
oben,en haut,0
objectiv,objectif,0
obwohl,bien que,0
offentlich,public,0
öffnen,ouvrir,0
oft,souvent,0
Oh Mann !,Oh mince !,0
ohnlich,semblable,0
Ordnung schaffen,mettre de l'ordre,0
Österreich,L'Autriche,0
Portugal,le Portugal,0
Portugiesisch,le portugais (langue),0
prägen,marquer,0
präzise,précis,0
preiswert,peu cher,0
privat,privé,0
probieren,essayer,0
prüfen,vérifier,0
psychologisch,psychologiquement,0
putzen,nettoyer,0
Quadrat Wurzel von,racine carrée de,0
raten,conseiller,0
ratzen,conseiller,0
rauchen,fumer,0
raümen,ranger,0
raus,extérieur,0
realistisch,realiste,0
rechnen,calculer,0
rechts,droite,0
recyclen,recycler,0
reden,parler,0
regelmäßig,assidu,0
reißen,zrracher,0
reiten,faire de l'équitation,0
reiten,faire du cheval,0
retten,sauver,0
riechen,sentir,0
riesig,géant,0
riskannt sein,être risqué,0
rot,rouge,0
rufen,appeler,0
ruhig,calme,0
rühren,remuer,0
sachlich,épuré,0
Sankt,saint,0
sauber,propre,0
sauer sein,être énerver,0
schaffen,créer,0
schälen,éplucher,0
scheinen,sembler,0
scheinen,paraître,0
schenken,offrir,0
schicken,envoyer,0
schild,bouclier,0
schlafen,dormir,0
schlagen,frapper,0
schlecht ausgestattet sein,être mal équipé,0
schließen,fermer,0
schließlich,finalement,0
Schluss damit,J'en ai marre,0
Schlüsselwörter,mots clés,0
schmeißen,jeter,0
schmelzen,fondre,0
schneiden,couper,0
schon gut,très bien,0
schreiben,écrire,0
schreien,crier,0
schreiten,marcher,0
schüchtern,timide,0
schummeln,tricher,0
schützen,protéger,0
Schwedisch,le suisse (langue),0
schweigen,se taire,0
schwierig,difficile,0
schwimmen,nager,0
sehen,voir,0
sein,être,0
seitdem,depuis que,0
selbstbewusst,sur de soi,0
selbstfahrende Autos,voitures autonomes,0
setzen,mettre,0
sich agitieren,s'agiter,0
sich anstecken,être contaminé,0
sich anziehen,s'habiller,0
sich ärgern,s'énerver,0
sich beschweren,se plaindre,0
sich betroffen fühlen,se sentir concerné,0
sich bewerben,candidater,0
sich duschen,se doucher,0
sich einsetzen,s'investir,0
sich empören,s'indigner,0
sich engagieren,s'engager,0
sich entscheiden,se décider,0
sich etwas leisten,se le permettre,0
sich freuen,se réjouir,0
sich für etwas begeistern,se passioner pour quelque chose,0
sich für etwas einsetzen,s'engager pour quelque chose,0
sich für etwas interessieren,s'intéresser à quelque chose,0
sich gut verstehen,bien s'entendre,0
sich kennen lernen,faire connaissance,0
sich langweilen,s'ennuyer,0
sich rüsten,s'armer,0
sich streiten,se disputer,0
sich um jemanden kümmern,s'occuper de quelqu'un,0
sich verhalten,se comporter,0
sich verschulden,s'endetter,0
sich verstehen,se comprendre,0
sich waschen,se laver,0
sich wehren,résister,0
sicher,sûr,0
siezen,vouvoyer,0
singen,chanter,0
sitzen,être assis,0
skeptisch,sceptique,0
smart,intelligent,0
so daß,si bien que,0
sobald,dès que,0
sofort,immédiatement,0
solange,tant que,0
sooft,aussi souvent que,0
sowie,ainsi que,0
Spanien,l'Espagne,0
Spanisch,l'espagnol (personne),0
sparen,économiser,0
spazieren,promener,0
spitz,pointu,0
sprayen,pulvériser,0
sprechen,parler,0
springen,sauter,0
spülen,rincer,0
staatlich,étatique,0
stark sein,être fort,0
stattfinden,se dérouler,0
stehen,être debout,0
stehlen,voler,0
steigen,monter,0
stellen,poser,0
sterben,mourrir,0
sterben,mourir,0
stöbern,fouiller,0
stolz,fier,0
störende,gênant,0
stoßen,pousser,0
strafbar,punissable,0
streichen,étaler,0
streiten,se disputer,0
streiten sich,se disputer,0
subjektiv,subjectif,0
suchen,chercher,0
tanzen,danser,0
tatsächlich,effectivement,0
teilen,diviser,0
teilnehmen,participer,0
teils,en partie,0
teuer,cher,0
tief sein,être profond,0
tot,mort,0
töten,tuer,0
tragen,porter,0
traurig sein,être triste,0
treffen,rencontrer,0
treiben,faire avancer,0
treten,marcher,0
treu,fidèle,0
trinken,boire,0
trotz,malgré,0
trotzdem,malgré tout,0
tun,faire,0
über,au dessus,0
überlegen,réfléchir,0
übersetzen,traduire,0
übertrefeen,dépasser,0
übrigens,d'ailleurs,0
umkehren,inverser,0
unabdingbar,indispensable,0
unabhängig sein,être indépendant,0
unbedingt,absolument,0
unbewusst,inconscient,0
undefiniert,indéfini,0
ungeduldig,impatient,0
ungefähr,environ,0
ungemütlich,inconfortable,0
ungewöhnlich,inhabituel,0
unheimlich,effrayant,0
unruhig,agité,0
unten,en bas,0
unter,en dessous,0
untergehen,sombrer,0
unterstützen,supporter,0
unterwegs sein,se déplacer,0
unverständlich,incompréhensible,0
unvorsichtig,imprudent,0
verändern,changer,0
verangstigt sein,être angoissé,0
verantwortlich sein,être responsable,0
verbessern,améliorer,0
verbinden,associer,0
vergessen,oublier,0
verheiratet sein,être marié,0
verkaufen,vendre,0
verlassen,quitter,0
verlässlich,fiable,0
verlieren,perdre,0
verliesen,perdre,0
verlocken,inciter,0
vermieten,louer (propriétaire),0
vermischen,mélanger,0
vermissen,manquer,0
verrückt,fou,0
verschieben,déplacer,0
verschlechten,détériorer,0
verschlingen,engloutir,0
verschnutzen,polluer,0
verschwenden,gaspiller,0
verschwinden,disparaître,0
versinken,couler,0
verstärken,renforcer,0
verstehen,comprendre,0
versuchen,essayer,0
verteilen,distribuer,0
vertiefen,approfondir,0
vertrauen,faire confiance,0
verwirklichen,réaliser,0
verzaubern,enchanter,0
verzweifelt,désespérément,0
vieldeutig,ambigu,0
vor,devant,0
vorsetzen,continuer,0
vorstellen,présenter,0
vorwerfen,reprocher,0
vorziehen,préférer,0
wachrütteln,éveiller les consciences,0
wachsen,grandir,0
wählen,voter,0
während,tandis que,0
wäre,serait,0
waschen,laver,0
weggehen,partir,0
wegnehmen,prendre,0
weil,parce que,0
weisen,indiquer,0
weitergehen,continuer,0
welche ?,quel ?,0
Wenn,si,0
werden,devenir,0
werfen,lancer,0
westliche Welt,monde occidental,0
wichtig,important,0
wie,comme,0
wie bitte ?,comment ?,0
wiedersehen,revoir,0
wild,sauvage,0
winken,faire signe,0
wirklich,vraiment,0
wissen,savoir,0
wohnen,habiter,0
Worum ?,de qui ?,0
würzen,assaisonner,0
wütend sein,être en colère,0
zahlreich,nombreux,0
zeigen,montrer,0
zerstören,détruire,0
ziehen,tirer,0
zu emotional,trop émotionnel,0
zu etwas beitragen,contibuer à,0
zu Fuß,à pied,0
zu lassen,laisser faire,0
zuerst,d'abord,0
zufrieden sein,être satisfait,0
zugänglich sein,être accessible,0
zum Beispiel,par exemple,0
Zum Schluß,finalement,0
zum Teil,en partie,0
zumachen,fermer,0
Zunächst,tout d'abord,0
zurückgehen,revenir,0
zurückzahlen,rembourser,0
zusammen,ensemble,0
zusammenfassen,résumer,0
zwar,certes,0
Zwar... Aber,Certes... Mais,0
zweifach,double,0
zweifellos,sans aucun doute,0
zweimal,deux fois,0
zwingen,contraindre,0
zwischen,entre,0
zwischen... und...,entre... et...,0